ファイル名,4桁コード,名称,分類,提供元
map-pin.svg,,マップピン,その他,
dm-2219.svg,2219,道路のトンネル,標準図式,
dm-2221.svg,2221,バス停,標準図式,
dm-toyonaka-2225.svg,2225,塗りつぶしの長円（名称未確認）,拡張DM,toyonaka
dm-2235.svg,2235,雨水桝,標準図式,
dm-2238.svg,2238,並木,標準図式,
dm-2239.svg,2239,植樹,標準図式,
dm-2241.svg,2241,道路情報板,標準図式,
dm-2242.svg,2242,道路標識_道路,標準図式,
dm-2243.svg,2243,道路標識_道路,標準図式,
dm-2244.svg,2244,道路標識_道路,標準図式,
dm-ext1-2245.svg,2245,道路標識_道路,拡張DM,ext1
dm-2246.svg,2246,信号灯,標準図式,
dm-2247.svg,2247,信号灯専用ポールのないもの,標準図式,
dm-toyonaka-2248.svg,2248,丸に「案」（名称未確認）,拡張DM,toyonaka
dm-2251.svg,2251,交通量観測所,標準図式,
dm-2252.svg,2252,スノーポール,標準図式,
dm-2253.svg,2253,カーブミラー,標準図式,
dm-2255.svg,2255,距離標（km）,標準図式,
dm-2256.svg,2256,距離標（m）,標準図式,
dm-2261.svg,2261,電話ボックス,標準図式,
dm-2262.svg,2262,郵便ポスト,標準図式,
dm-2263.svg,2263,火災報知器,標準図式,
dm-2419.svg,2419,鉄道のトンネル,標準図式,
dm-3401.svg,3401,門,標準図式,
dm-3503.svg,3503,官公署,標準図式,
dm-3504.svg,3504,裁判所,標準図式,
dm-3505.svg,3505,検察庁,標準図式,
dm-3507.svg,3507,税務署,標準図式,
dm-3508.svg,3508,税関,標準図式,
dm-3509.svg,3509,郵便局,標準図式,
dm-3510.svg,3510,森林管理署,標準図式,
dm-3511.svg,3511,測候所,標準図式,
dm-3512.svg,3512,地方整備局事務所,標準図式,
dm-3513.svg,3513,出張所,標準図式,
dm-3514.svg,3514,警察署,標準図式,
dm-3515.svg,3515,交番・駐在所,標準図式,
dm-3516.svg,3516,消防署,標準図式,
dm-3517.svg,3517,職業安定所（ハローワーク）,標準図式,
dm-3518.svg,3518,土木事務所,標準図式,
dm-3519.svg,3519,役場支所及び出張所,標準図式,
dm-3521.svg,3521,神社,標準図式,
dm-3522.svg,3522,寺院,標準図式,
dm-3523.svg,3523,キリスト教会,標準図式,
dm-3524.svg,3524,学校,標準図式,
dm-3525.svg,3525,幼稚園・保育園,標準図式,
dm-3526.svg,3526,公会堂・公民館,標準図式,
dm-3527.svg,3527,博物館,標準図式,
dm-3528.svg,3528,図書館,標準図式,
dm-3529.svg,3529,美術館,標準図式,
dm-3530.svg,3530,老人ホーム,標準図式,
dm-3531.svg,3531,保健所,標準図式,
dm-3532.svg,3532,病院,標準図式,
dm-3534.svg,3534,銀行,標準図式,
dm-3536.svg,3536,協同組合,標準図式,
dm-3539.svg,3539,デパート,標準図式,
dm-3545.svg,3545,倉庫,標準図式,
dm-3546.svg,3546,火薬庫,標準図式,
dm-3548.svg,3548,工場,標準図式,
dm-3549.svg,3549,発電所,標準図式,
dm-3550.svg,3550,変電所,標準図式,
dm-3552.svg,3552,浄水場,標準図式,
dm-3553.svg,3553,揚水機場,標準図式,
dm-3556.svg,3556,揚排水ポンプ場,標準図式,
dm-3557.svg,3557,排水機場,標準図式,
dm-3559.svg,3559,公衆便所,標準図式,
dm-3560.svg,3560,ガソリンスタンド,標準図式,
dm-4101.svg,4101,マンホール（未分類）,標準図式,
dm-4111.svg,4111,マンホール（共同溝）,標準図式,
dm-4119.svg,4119,有線柱,標準図式,
dm-4121.svg,4121,マンホール（ガス）,標準図式,
dm-4131.svg,4131,マンホール（電話）,標準図式,
dm-4132.svg,4132,電話柱,標準図式,
dm-toyonaka-4133.svg,4133,丸に横線7本（名称未確認）,拡張DM,toyonaka
dm-toyonaka-4134.svg,4134,丸に横線4本・上半分（名称未確認）,拡張DM,toyonaka
dm-4141.svg,4141,マンホール（電気）,標準図式,
dm-4142.svg,4142,電力柱,標準図式,
dm-toyonaka-4144.svg,4144,丸に横線4本・下半分（名称未確認）,拡張DM,toyonaka
dm-toyonaka-4145.svg,4145,丸に横線5本・下半分（名称未確認）,拡張DM,toyonaka
dm-4151.svg,4151,マンホール（下水）,標準図式,
dm-4161.svg,4161,マンホール（水道）,標準図式,
dm-4201.svg,4201,墓碑,標準図式,
dm-4202.svg,4202,記念碑,標準図式,
dm-4203.svg,4203,立像,標準図式,
dm-4204.svg,4204,路傍祠,標準図式,
dm-4205.svg,4205,灯ろう,標準図式,
dm-4206.svg,4206,狛犬,標準図式,
dm-4207.svg,4207,鳥居,標準図式,
dm-4208.svg,4208,自然災害伝承碑,標準図式,
dm-4211.svg,4211,官民境界杭,標準図式,
dm-toyonaka-4214.svg,4214,三角形の旗（名称未確認）,拡張DM,toyonaka
dm-4215.svg,4215,消火栓,標準図式,
dm-4216.svg,4216,消火栓 立型,標準図式,
dm-4217.svg,4217,地下換気孔,標準図式,
dm-4219.svg,4219,坑口,標準図式,
dm-4221.svg,4221,独立樹（広葉樹）,標準図式,
dm-4222.svg,4222,独立樹（針葉樹）,標準図式,
dm-4223.svg,4223,噴水,標準図式,
dm-4224.svg,4224,井戸,標準図式,
dm-4225.svg,4225,油井・ガス井,標準図式,
dm-4226.svg,4226,貯水槽,標準図式,
dm-4227.svg,4227,肥料槽,標準図式,
dm-4228.svg,4228,起重機,標準図式,
dm-4231.svg,4231,タンク,標準図式,
dm-4232.svg,4232,給水塔,標準図式,
dm-4233.svg,4233,火の見,標準図式,
dm-4234.svg,4234,煙突,標準図式,
dm-4235.svg,4235,高塔,標準図式,
dm-4236.svg,4236,電波塔,標準図式,
dm-4237.svg,4237,照明灯,標準図式,
dm-4238.svg,4238,防犯灯,標準図式,
dm-4239.svg,4239,風車,標準図式,
dm-4241.svg,4241,灯台,標準図式,
dm-4242.svg,4242,航空灯台,標準図式,
dm-4243.svg,4243,灯標,標準図式,
dm-4245.svg,4245,ヘリポート,標準図式,
dm-4251.svg,4251,水位観測所,標準図式,
dm-4252.svg,4252,流量観測所,標準図式,
dm-4253.svg,4253,雨量観測所,標準図式,
dm-4254.svg,4254,水質観測所,標準図式,
dm-4255.svg,4255,波浪観測所,標準図式,
dm-4256.svg,4256,風向・風速観測所,標準図式,
dm-5105.svg,5105,湖池,標準図式,
dm-5221.svg,5221,渡船発着所,標準図式,
dm-5226.svg,5226,滝,標準図式,
dm-5227.svg,5227,せき,標準図式,
dm-5228.svg,5228,水門,標準図式,
dm-5232.svg,5232,透過水制,標準図式,
dm-5241.svg,5241,流水方向,標準図式,
dm-6211.svg,6211,空地,標準図式,
dm-6212.svg,6212,駐車場,標準図式,
dm-6213.svg,6213,花壇,標準図式,
dm-6214.svg,6214,園庭,標準図式,
dm-6215.svg,6215,墓地,標準図式,
dm-6216.svg,6216,材料置場,標準図式,
dm-6217.svg,6217,太陽光発電設備,標準図式,
dm-6221.svg,6221,噴火口・噴気口,標準図式,
dm-6222.svg,6222,温泉・鉱泉,標準図式,
dm-6223.svg,6223,陵墓,標準図式,
dm-6224.svg,6224,古墳,標準図式,
dm-6225.svg,6225,城・城跡,標準図式,
dm-6226.svg,6226,史跡・名勝・天然記念物,標準図式,
dm-6231.svg,6231,採石場,標準図式,
dm-6232.svg,6232,土取場,標準図式,
dm-6233.svg,6233,採鉱地,標準図式,
dm-6311.svg,6311,田,標準図式,
dm-6312.svg,6312,はす田,標準図式,
dm-6313.svg,6313,畑,標準図式,
dm-6314.svg,6314,さとうきび畑,標準図式,
dm-6315.svg,6315,パイナップル畑,標準図式,
dm-6316.svg,6316,わさび畑,標準図式,
dm-6317.svg,6317,桑畑,標準図式,
dm-6318.svg,6318,茶畑,標準図式,
dm-6319.svg,6319,果樹園,標準図式,
dm-6321.svg,6321,その他の樹木畑,標準図式,
dm-6322.svg,6322,牧草地,標準図式,
dm-6323.svg,6323,芝地,標準図式,
dm-6331.svg,6331,広葉樹林,標準図式,
dm-6332.svg,6332,針葉樹林,標準図式,
dm-6333.svg,6333,竹林,標準図式,
dm-6334.svg,6334,荒地,標準図式,
dm-6335.svg,6335,はい松地,標準図式,
dm-6336.svg,6336,しの地（笹地）,標準図式,
dm-6337.svg,6337,やし科樹林,標準図式,
dm-6338.svg,6338,湿地,標準図式,
dm-6340.svg,6340,砂れき地,標準図式,
dm-6341.svg,6341,砂地,標準図式,
dm-6342.svg,6342,れき地,標準図式,
dm-6345.svg,6345,干潟,標準図式,
dm-7201.svg,7201,土がけ,標準図式,
dm-7202.svg,7202,雨裂,標準図式,
dm-7206.svg,7206,洞口,標準図式,
dm-7211.svg,7211,岩がけ,標準図式,
dm-7212.svg,7212,露岩,標準図式,
dm-7213.svg,7213,散岩,標準図式,
dm-7301.svg,7301,三角点,標準図式,
dm-7302.svg,7302,水準点,標準図式,
dm-7303.svg,7303,多角点等,標準図式,
dm-7304.svg,7304,公共基準点（三角点）,標準図式,
dm-7305.svg,7305,公共基準点（水準点）,標準図式,
dm-7306.svg,7306,公共基準点（多角点等）,標準図式,
dm-7308.svg,7308,電子基準点,標準図式,
dm-7311.svg,7311,標石を有しない標高点,標準図式,
dm-7312.svg,7312,図化機測定による標高点,標準図式,
dm-8199.svg,8199,指示点,標準図式,
dm-ext1-9101100.svg,9101,起終点_道路（起点）,拡張DM,ext1
dm-ext1-9101200.svg,9101,起終点_道路（終点）,拡張DM,ext1
dm-ext1-9109.svg,9109,官民境界杭_道路,拡張DM,ext1
dm-ext1-9303210.svg,9303,警報遮断機_道路,拡張DM,ext1
dm-ext1-9303220.svg,9303,警報遮断機_道路,拡張DM,ext1
