コード,名称,レイヤ,レイヤ名
1100,未分類,11,境界・所属界
1101,都府県界,11,境界・所属界
1102,北海道の支庁界,11,境界・所属界
1103,郡市・東京都の区界,11,境界・所属界
1104,町村・指定都市の区界,11,境界・所属界
1106,大字・町・丁目界,11,境界・所属界
1107,小字界,11,境界・所属界
1110,所属界,11,境界・所属界
1111,行政区の代表点,11,境界・所属界
2100,未分類,21,道路
2101,道路縁（街区線）,21,道路
2102,軽車道,21,道路
2103,徒歩道,21,道路
2106,庭園路等,21,道路
2107,トンネル内の道路,21,道路
2109,建設中の道路,21,道路
2200,未分類,22,道路施設
2203,道路橋（高架部）,22,道路施設
2204,木橋,22,道路施設
2205,徒橋,22,道路施設
2206,桟道橋,22,道路施設
2211,横断歩道橋,22,道路施設
2212,地下横断歩道,22,道路施設
2213,歩道,22,道路施設
2214,石段,22,道路施設
2215,地下街・地下鉄等出入口,22,道路施設
2219,道路のトンネル,22,道路施設
2221,バス停,22,道路施設
2222,安全地帯,22,道路施設
2226,分離帯,22,道路施設
2227,駒止,22,道路施設
2228,道路の雪覆い等,22,道路施設
2231,側溝U字溝無蓋,22,道路施設
2232,側溝U字溝有蓋,22,道路施設
2233,側溝L字溝,22,道路施設
2234,側溝地下部,22,道路施設
2235,雨水桝,22,道路施設
2236,並木桝,22,道路施設
2237,側溝管渠型,22,道路施設
2238,並木,22,道路施設
2239,植樹,22,道路施設
2241,道路情報板,22,道路施設
2242,道路標識案内,22,道路施設
2243,道路標識警戒,22,道路施設
2244,道路標識規制,22,道路施設
2246,信号灯,22,道路施設
2247,信号灯専用ポールのないもの,22,道路施設
2251,交通量観測所,22,道路施設
2252,スノーポール,22,道路施設
2253,カーブミラー,22,道路施設
2255,距離標（km）,22,道路施設
2256,距離標（m）,22,道路施設
2261,電話ボックス,22,道路施設
2262,郵便ポスト,22,道路施設
2263,火災報知器,22,道路施設
2300,未分類,23,鉄道
2301,普通鉄道,23,鉄道
2302,地下鉄地上部,23,鉄道
2303,路面電車,23,鉄道
2304,モノレール,23,鉄道
2305,特殊鉄道,23,鉄道
2306,索道,23,鉄道
2309,建設中の鉄道,23,鉄道
2311,トンネル内の鉄道・普通鉄道,23,鉄道
2312,地下鉄地下部,23,鉄道
2313,トンネル内の鉄道・路面電車,23,鉄道
2314,トンネル内の鉄道・モノレール,23,鉄道
2315,トンネル内の鉄道・特殊鉄道,23,鉄道
2400,未分類,24,鉄道施設
2401,鉄道橋（高架部）,24,鉄道施設
2411,跨線橋,24,鉄道施設
2412,地下通路,24,鉄道施設
2419,鉄道のトンネル,24,鉄道施設
2421,停留所,24,鉄道施設
2424,プラットホーム,24,鉄道施設
2425,プラットホーム上屋,24,鉄道施設
2426,モノレール橋脚,24,鉄道施設
2428,鉄道の雪覆い等,24,鉄道施設
2501,ＩＰ（ＩＰ杭）,25,線形図・杭打ち図
2502,ＩＰ方向線,25,線形図・杭打ち図
2503,主要点（役杭）,25,線形図・杭打ち図
2504,中心点（中心杭）,25,線形図・杭打ち図
2505,中心線,25,線形図・杭打ち図
2506,その他の路線結線,25,線形図・杭打ち図
2507,役杭引出線,25,線形図・杭打ち図
2511,多角点（記号）,25,線形図・杭打ち図
2512,引照（線）,25,線形図・杭打ち図
3000,分類しない建物,30,建物
3001,普通建物,30,建物
3002,堅ろう建物,30,建物
3003,普通無壁舎,30,建物
3004,堅ろう無壁舎,30,建物
3400,未分類,34,建物の付属物
3401,門,34,建物の付属物
3402,屋門,34,建物の付属物
3403,たたき,34,建物の付属物
3404,プール,34,建物の付属物
3500,未分類,35,建物記号
3503,官公署,35,建物記号
3504,裁判所,35,建物記号
3505,検察庁,35,建物記号
3507,税務署,35,建物記号
3508,税関,35,建物記号
3509,郵便局,35,建物記号
3510,森林管理署,35,建物記号
3511,測候所,35,建物記号
3512,工事事務所,35,建物記号
3513,出張所,35,建物記号
3514,警察署,35,建物記号
3515,交番,35,建物記号
3516,消防署,35,建物記号
3517,職業安定所（ハローワーク）,35,建物記号
3518,土木事務所,35,建物記号
3519,役場支所及び出張所,35,建物記号
3521,神社,35,建物記号
3522,寺院,35,建物記号
3523,キリスト教会,35,建物記号
3524,学校,35,建物記号
3525,幼稚園・保育園,35,建物記号
3526,公会堂・公民館,35,建物記号
3527,博物館,35,建物記号
3528,図書館,35,建物記号
3529,美術館,35,建物記号
3530,老人ホーム,35,建物記号
3531,保健所,35,建物記号
3532,病院,35,建物記号
3534,銀行,35,建物記号
3536,協同組合,35,建物記号
3539,デパート,35,建物記号
3545,倉庫,35,建物記号
3546,火薬庫,35,建物記号
3548,工場,35,建物記号
3549,発電所,35,建物記号
3550,変電所,35,建物記号
3552,浄水場,35,建物記号
3553,揚水機場,35,建物記号
3556,揚・排水機場,35,建物記号
3557,排水機場,35,建物記号
3559,公衆便所,35,建物記号
3560,ガソリンスタンド,35,建物記号
4100,未分類,41,公共施設
4101,マンホール（未分類）,41,公共施設
4111,マンホール（共同溝）,41,公共施設
4119,有線柱,41,公共施設
4121,マンホール（ガス）,41,公共施設
4131,マンホール（電話）,41,公共施設
4132,電話柱,41,公共施設
4141,マンホール（電気）,41,公共施設
4142,電力柱,41,公共施設
4151,マンホール（下水）,41,公共施設
4161,マンホール（水道）,41,公共施設
4200,未分類,42,その他の小物体
4201,墓碑,42,その他の小物体
4202,記念碑,42,その他の小物体
4203,立像,42,その他の小物体
4204,路傍祠,42,その他の小物体
4205,灯ろう,42,その他の小物体
4206,狛犬,42,その他の小物体
4207,鳥居,42,その他の小物体
4208,自然災害伝承碑,42,その他の小物体
4211,官民境界杭,42,その他の小物体
4215,消火栓,42,その他の小物体
4216,消火栓立型,42,その他の小物体
4217,地下換気孔,42,その他の小物体
4219,坑口,42,その他の小物体
4221,独立樹（広葉樹）,42,その他の小物体
4222,独立樹（針葉樹）,42,その他の小物体
4223,噴水,42,その他の小物体
4224,井戸,42,その他の小物体
4225,油井・ガス井,42,その他の小物体
4226,貯水槽,42,その他の小物体
4227,肥料槽,42,その他の小物体
4228,起重機,42,その他の小物体
4231,タンク,42,その他の小物体
4232,給水塔,42,その他の小物体
4233,火の見,42,その他の小物体
4234,煙突,42,その他の小物体
4235,高塔,42,その他の小物体
4236,電波塔,42,その他の小物体
4237,照明灯,42,その他の小物体
4238,防犯灯,42,その他の小物体
4239,風車,42,その他の小物体
4241,灯台,42,その他の小物体
4242,航空灯台,42,その他の小物体
4243,灯標,42,その他の小物体
4245,ヘリポート,42,その他の小物体
4251,水位観測所,42,その他の小物体
4252,流量観測所,42,その他の小物体
4253,雨量観測所,42,その他の小物体
4254,水質観測所,42,その他の小物体
4255,波浪観測所,42,その他の小物体
4256,風向・風速観測所,42,その他の小物体
4261,輸送管（地上）,42,その他の小物体
4262,輸送管（空間）,42,その他の小物体
4265,送電線,42,その他の小物体
5100,未分類,51,水部
5101,河川・水がい線,51,水部
5102,細流・一条河川,51,水部
5103,かれ川,51,水部
5104,用水路,51,水部
5105,湖池,51,水部
5106,海岸線,51,水部
5107,水路地下部,51,水部
5111,低位水がい線（干潟線）,51,水部
5200,未分類,52,水部に関する構造物等
5202,桟橋（鉄、コンクリート）,52,水部に関する構造物等
5203,桟橋（木製・浮桟橋）,52,水部に関する構造物等
5204,桟橋（浮き）,52,水部に関する構造物等
5211,防波堤,52,水部に関する構造物等
5212,護岸被覆,52,水部に関する構造物等
5213,護岸杭（消波ブロック）,52,水部に関する構造物等
5214,護岸捨石,52,水部に関する構造物等
5219,坑口トンネル,52,水部に関する構造物等
5221,渡船発着所,52,水部に関する構造物等
5222,船揚場,52,水部に関する構造物等
5226,滝,52,水部に関する構造物等
5227,せき,52,水部に関する構造物等
5228,水門,52,水部に関する構造物等
5231,不透過水制,52,水部に関する構造物等
5232,透過水制,52,水部に関する構造物等
5233,水制水面下,52,水部に関する構造物等
5235,根固,52,水部に関する構造物等
5236,床固陸部,52,水部に関する構造物等
5237,床固水面下,52,水部に関する構造物等
5238,蛇籠,52,水部に関する構造物等
5239,敷石斜坂,52,水部に関する構造物等
5241,流水方向,52,水部に関する構造物等
5255,距離標,52,水部に関する構造物等
5256,量水標,52,水部に関する構造物等
6100,未分類,61,法面・構囲
6101,人工斜面,61,法面・構囲
6102,土堤,61,法面・構囲
6103,河川堤防の表法肩の法線,61,法面・構囲
6110,被覆,61,法面・構囲
6111,コンクリート被覆,61,法面・構囲
6112,ブロック被覆,61,法面・構囲
6113,石積被覆,61,法面・構囲
6120,未分類法面保護,61,法面・構囲
6121,法面保護（網）,61,法面・構囲
6122,法面保護（モルタル）,61,法面・構囲
6123,法面保護（コンクリート桝）,61,法面・構囲
6130,柵（未分類）・垣,61,法面・構囲
6131,落下防止柵,61,法面・構囲
6132,防護柵,61,法面・構囲
6133,遮光柵,61,法面・構囲
6134,鉄柵,61,法面・構囲
6136,生垣,61,法面・構囲
6137,土囲,61,法面・構囲
6140,塀（未分類）,61,法面・構囲
6141,堅ろう塀,61,法面・構囲
6142,簡易塀,61,法面・構囲
6200,未分類,62,諸地・場地
6201,区域界,62,諸地・場地
6211,空地,62,諸地・場地
6212,駐車場,62,諸地・場地
6213,花壇,62,諸地・場地
6214,園庭,62,諸地・場地
6215,墓地,62,諸地・場地
6216,材料置場,62,諸地・場地
6217,太陽光発電設備,62,諸地・場地
6221,噴火口・噴気口,62,諸地・場地
6222,温泉・鉱泉,62,諸地・場地
6223,陵墓,62,諸地・場地
6224,古墳,62,諸地・場地
6225,城・城跡,62,諸地・場地
6226,史跡・名勝・天然記念物,62,諸地・場地
6231,採石場,62,諸地・場地
6232,土取場,62,諸地・場地
6233,採鉱地,62,諸地・場地
6300,未分類,63,植生
6301,植生界,63,植生
6302,耕地界,63,植生
6303,仮耕地界,63,植生
6311,田,63,植生
6312,はす田,63,植生
6313,畑,63,植生
6314,さとうきび畑,63,植生
6315,パイナップル畑,63,植生
6316,わさび畑,63,植生
6317,桑畑,63,植生
6318,茶畑,63,植生
6319,果樹園,63,植生
6321,その他の樹木畑,63,植生
6322,牧草地,63,植生
6323,芝地,63,植生
6331,広葉樹林,63,植生
6332,針葉樹林,63,植生
6333,竹林,63,植生
6334,荒地,63,植生
6335,はい松地,63,植生
6336,しの地（笹地）,63,植生
6337,やし科樹林,63,植生
6338,湿地,63,植生
6340,砂れき地（未分類）,63,植生
6341,砂地,63,植生
6342,れき地,63,植生
6345,干潟,63,植生
6501,中心杭,65,用地
6502,用地杭,65,用地
6511,起業地の境界,65,用地
6512,用地取得予定線,65,用地
6513,大字の境界,65,用地
6514,字の境界,65,用地
6515,土地の境界,65,用地
6516,一筆地内の異なる地目の境界,65,用地
6517,一筆地内の異なる権利の境界,65,用地
6518,一筆地内の異なる占有者の境界,65,用地
6519,同一所有者記号,65,用地
6521,境界標,65,用地
6522,公共施設の境界線（道路区域界）,65,用地
6523,公共施設の境界線（河川区域界）,65,用地
6541,拡大参照枠,65,用地
6542,引き出し線,65,用地
6551,配電線路,65,用地
6552,送電線路,65,用地
6553,通信線路,65,用地
6554,鉄道・軌道,65,用地
6555,その他の路線,65,用地
7100,未分類,71,等高線
7101,等高線（計曲線）,71,等高線
7102,等高線（主曲線）,71,等高線
7103,等高線（補助曲線）,71,等高線
7104,等高線（特殊補助曲線）,71,等高線
7105,凹地（計曲線）,71,等高線
7106,凹地（主曲線）,71,等高線
7107,凹地（補助曲線）,71,等高線
7108,凹地（特殊補助曲線）,71,等高線
7199,凹地（矢印）,71,等高線
7200,未分類,72,変形地
7201,土がけ（崩土）,72,変形地
7202,雨裂,72,変形地
7203,急斜面,72,変形地
7206,洞口,72,変形地
7210,未分類岩,72,変形地
7211,岩がけ,72,変形地
7212,露岩,72,変形地
7213,散岩,72,変形地
7214,さんご礁,72,変形地
7300,未分類,73,基準点
7301,三角点,73,基準点
7302,水準点,73,基準点
7303,多角点等,73,基準点
7304,公共基準点（三角点）,73,基準点
7305,公共基準点（水準点）,73,基準点
7306,公共基準点（多角点等）,73,基準点
7307,その他の基準点,73,基準点
7308,電子基準点,73,基準点
7309,公共電子基準点,73,基準点
7311,標石を有しない標高点,73,基準点
7312,図化機測定による標高点,73,基準点
7500,未分類,75,数値地形モデル
7501,グリッドデータ,75,数値地形モデル
7511,ランダムポイント,75,数値地形モデル
7521,ブレークライン,75,数値地形モデル
7531,不整三角網（TIN）,75,数値地形モデル
7601,与点記号,76,基準点網図
7602,新点記号,76,基準点網図
7603,節点記号,76,基準点網図
7604,偏心点・方位点,76,基準点網図
7605,点間結線,76,基準点網図
7606,与点後視方向線,76,基準点網図
7607,観測方向（矢印）,76,基準点網図
7608,観測方向（線）,76,基準点網図
7609,セッション,76,基準点網図
7611,与点記号（電子基準点）,76,基準点網図
7615,点間結線（偏心与点間）,76,基準点網図
7701,与点記号,77,水準路線図
7702,新点記号,77,水準路線図
7703,固定点記号,77,水準路線図
7704,水準路線,77,水準路線図
7705,観測路線方向線,77,水準路線図
7801,標定点,78,数値写真資料
7802,対空標識,78,数値写真資料
7804,主点,78,数値写真資料
7805,タイポイント,78,数値写真資料
7806,連結,78,数値写真資料
7811,撮影コース,78,数値写真資料
7812,撮影主点,78,数値写真資料
7813,写真枠,78,数値写真資料
7814,撮影区域,78,数値写真資料
7821,作成範囲,78,数値写真資料
7901,図枠（外枠）,79,応用測量整飾
7902,図枠（内枠）,79,応用測量整飾
7903,タイトル（外枠）,79,応用測量整飾
7904,タイトル（罫線）,79,応用測量整飾
7905,凡例（外枠）,79,応用測量整飾
7906,凡例（罫線）,79,応用測量整飾
7907,作表（外枠）,79,応用測量整飾
7908,作表（罫線）,79,応用測量整飾
7911,方眼線,79,応用測量整飾
7912,方眼点,79,応用測量整飾
7913,方位,79,応用測量整飾
7914,方眼紙（5cm),79,応用測量整飾
7915,方眼紙（1cm）,79,応用測量整飾
7916,方眼紙（1mm）,79,応用測量整飾
8100,未分類,81,注記
8110,市･東京都の区,81,注記
8111,町・村・指定都市の区,81,注記
8112,市町村の飛地,81,注記
8113,大区域,81,注記
8114,大字・町・丁目,81,注記
8115,小字・丁目,81,注記
8116,通り,81,注記
8117,その他の地名（大）,81,注記
8118,その他の地名（中）,81,注記
8119,その他の地名（小）,81,注記
8121,道路の路線名,81,注記
8122,道路施設、坂、峠、インターチェンジ等,81,注記
8123,鉄道の路線名,81,注記
8124,鉄道施設、駅、操車場、信号所,81,注記
8125,橋,81,注記
8126,トンネル,81,注記
8131,建物の名称,81,注記
8134,建物の付属物,81,注記
8140,マンホール,81,注記
8141,電柱,81,注記
8142,その他の小物体,81,注記
8151,水部,81,注記
8152,水部施設,81,注記
8153,地下水部,81,注記
8161,法面、構囲,81,注記
8162,諸地、場地,81,注記
8163,植生,81,注記
8171,山地,81,注記
8173,標高注記,81,注記
8181,説明注記,81,注記
8199,指示点,81,注記
8201,図面タイトル,82,測量記録等
8202,図面縮尺,82,測量記録等
8203,地区名,82,測量記録等
8204,計画機関名,82,測量記録等
8205,作業機関名,82,測量記録等
8206,作成年月日,82,測量記録等
8207,タイトル（文字）,82,測量記録等
8208,凡例（文字）,82,測量記録等
8209,作表（文字）,82,測量記録等
8211,方眼座標値,82,測量記録等
8212,方位,82,測量記録等
8221,測点名称,82,測量記録等
8222,電算番号,82,測量記録等
8223,セッション名,82,測量記録等
8231,測点名称,82,測量記録等
8232,観測路線番号,82,測量記録等
8241,写真番号,82,測量記録等
8242,使用カメラ,82,測量記録等
8243,画面距離,82,測量記録等
8244,撮影高度,82,測量記録等
8261,点間の距離,82,測量記録等
8262,地番,82,測量記録等
8263,地目,82,測量記録等
8264,所有者等の氏名,82,測量記録等
8265,不動産番号,82,測量記録等
8266,座標系,82,測量記録等
